id,한자,음
H50F9,價,가
H4E00,一,일
H4E01,丁,정
H4E03,七,칠
H4E08,丈,장
H4E09,三,삼
H4E0A,上,상
H4E0B,下,하
H4E0D,不,불
H4E11,丑,축
H4E14,且,차
H4E16,世,세
H4E18,丘,구
H4E19,丙,병
H4E2D,中,중
H4E38,丸,환
H4E39,丹,단
H4E3B,主,주
H4E43,乃,내
H4E45,久,구
H4E4B,之,지
H4E4E,乎,호
H4E58,乘,승
H4E59,乙,을
H4E5D,九,구
H4E5E,乞,걸
H4E5F,也,야
H4E73,乳,유
H4E7E,乾,건
H4E82,亂,란
H4E86,了,료
H4E88,予,여
H4E8B,事,사
H4E8C,二,이
H4E8E,于,우
H4E91,云,운
H4E92,互,호
H4E94,五,오
H4E95,井,정
H4E9E,亞,아
H4EA1,亡,망
H4EA4,交,교
H4EA5,亥,해
H4EA6,亦,역
H4EA8,亨,형
H4EAB,享,향
H4EAC,京,경
H4EAD,亭,정
H4EBA,人,인
H4EC1,仁,인
H4ECA,今,금
H4ECB,介,개
H4ED5,仕,사
H4ED6,他,타
H4ED8,付,부
H4ED9,仙,선
H4EE3,代,대
H4EE4,令,령
H4EE5,以,이
H4EF0,仰,앙
H4EF2,仲,중
H4EF6,件,건
H4EFB,任,임
H4F01,企,기
H4F0F,伏,복
H4F10,伐,벌
H4F11,休,휴
H4F2F,伯,백
H4F34,伴,반
H4F38,伸,신
H4F3C,似,사
H4F46,但,단
H4F4D,位,위
H4F4E,低,저
H4F4F,住,주
H4F50,佐,좌
H4F55,何,하
H4F59,余,여
H4F5B,佛,불
H4F5C,作,작
H4F73,佳,가
H4F7F,使,사
H4F86,來,래
H4F8B,例,례
H4F8D,侍,시
H4F9B,供,공
H4F9D,依,의
H4FAE,侮,모
H4FAF,侯,후
H4FB5,侵,침
H4FBF,便,편
H4FC2,係,계
H4FC3,促,촉
H4FCA,俊,준
H4FD7,俗,속
H4FDD,保,보
H4FE1,信,신
H4FEE,修,수
H4FF1,俱,구
H5009,倉,창
H500B,個,개
H500D,倍,배
H5012,倒,도
H5019,候,후
H501F,借,차
H5023,倣,방
H5024,値,치
H502B,倫,륜
H5047,假,가
H5049,偉,위
H504F,偏,편
H505C,停,정
H5065,健,건
H5074,側,측
H5076,偶,우
H508D,傍,방
H5091,傑,걸
H5099,備,비
H50AC,催,최
H50B2,傲,오
H50B3,傳,전
H50B5,債,채
H50B7,傷,상
H50BE,傾,경
H50C5,僅,근
H50CF,像,상
H50DA,僚,료
H50DE,僞,위
H50E7,僧,승
H5100,儀,의
H5104,億,억
H5109,儉,검
H5112,儒,유
H511F,償,상
H512A,優,우
H5143,元,원
H5144,兄,형
H5145,充,충
H5146,兆,조
H5148,先,선
H5149,光,광
H514B,克,극
H514D,免,면
H5152,兒,아
H5154,兔,토
H5165,入,입
H5167,內,내
H5168,全,전
H5169,兩,량
H516B,八,팔
H516C,公,공
H516D,六,륙
H516E,兮,혜
H5171,共,공
H5175,兵,병
H5176,其,기
H5177,具,구
H5178,典,전
H517C,兼,겸
H518A,冊,책
H518D,再,재
H5192,冒,모
H51A0,冠,관
H51A5,冥,명
H51AC,冬,동
H51B7,冷,랭
H51CD,凍,동
H51DD,凝,응
H51E1,凡,범
H51F6,凶,흉
H51FA,出,출
H5200,刀,도
H5206,分,분
H5207,切,절
H520A,刊,간
H5211,刑,형
H5217,列,렬
H521D,初,초
H5224,判,판
H5225,別,별
H5229,利,리
H5230,到,도
H5236,制,제
H5237,刷,쇄
H5238,券,권
H523A,刺,자
H523B,刻,각
H5247,則,칙
H524A,削,삭
H524D,前,전
H525B,剛,강
H526F,副,부
H5272,割,할
H5275,創,창
H5283,劃,획
H5287,劇,극
H528D,劍,검
H529B,力,력
H529F,功,공
H52A0,加,가
H52A3,劣,렬
H52A9,助,조
H52AA,努,노
H52C7,勇,용
H52C9,勉,면
H52D5,動,동
H52D9,務,무
H52DD,勝,승
H52DE,勞,로
H52DF,募,모
H52E2,勢,세
H52E4,勤,근
H52F5,勵,려
H52F8,勸,권
H52FF,勿,물
H5305,包,포
H5316,化,화
H5317,北,북
H5339,匹,필
H5340,區,구
H5341,十,십
H5343,千,천
H5348,午,오
H534A,半,반
H5351,卑,비
H5352,卒,졸
H5353,卓,탁
H5354,協,협
H5357,南,남
H535A,博,박
H535C,卜,복
H5360,占,점
H536F,卯,묘
H5370,印,인
H5371,危,위
H5374,却,각
H5375,卵,란
H5377,卷,권
H537D,卽,즉
H537F,卿,경
H5384,厄,액
H539A,厚,후
H539F,原,원
H53A5,厥,궐
H53BB,去,거
H53C3,參,참
H53C8,又,우
H53CA,及,급
H53CB,友,우
H53CD,反,반
H53D4,叔,숙
H53D6,取,취
H53D7,受,수
H53DB,叛,반
H53E3,口,구
H53E4,古,고
H53E5,句,구
H53EA,只,지
H53EB,叫,규
H53EC,召,소
H53EF,可,가
H53F2,史,사
H53F3,右,우
H53F8,司,사
H5404,各,각
H5408,合,합
H5409,吉,길
H540C,同,동
H540D,名,명
H540F,吏,리
H5410,吐,토
H5411,向,향
H541B,君,군
H541F,吟,음
H5426,否,부
H542B,含,함
H5438,吸,흡
H5439,吹,취
H543E,吾,오
H544A,告,고
H5468,周,주
H5473,味,미
H547C,呼,호
H547D,命,명
H548C,和,화
H54B8,咸,함
H54C0,哀,애
H54C1,品,품
H54C9,哉,재
H54E1,員,원
H54ED,哭,곡
H54F2,哲,철
H5510,唐,당
H552F,唯,유
H5531,唱,창
H5546,商,상
H554F,問,문
H5553,啓,계
H5584,善,선
H559C,喜,희
H55AA,喪,상
H55AE,單,단
H55DA,嗚,오
H5617,嘗,상
H5668,器,기
H56B4,嚴,엄
H56DA,囚,수
H56DB,四,사
H56DE,回,회
H56E0,因,인
H56F0,困,곤
H56FA,固,고
H570B,國,국
H570D,圍,위
H5712,園,원
H5713,圓,원
H5716,圖,도
H5718,團,단
H571F,土,토
H5728,在,재
H5730,地,지
H5747,均,균
H5750,坐,좌
H5764,坤,곤
H5782,垂,수
H57CB,埋,매
H57CE,城,성
H57DF,域,역
H57F7,執,집
H57F9,培,배
H57FA,基,기
H5802,堂,당
H5805,堅,견
H5824,堤,제
H5831,報,보
H5834,場,장
H584A,塊,괴
H5854,塔,탑
H5857,塗,도
H585E,塞,새
H5883,境,경
H5893,墓,묘
H589E,增,증
H58A8,墨,묵
H58AE,墮,타
H58B3,墳,분
H58BB,墻,장
H58C1,壁,벽
H58C7,壇,단
H58D3,壓,압
H58DE,壞,괴
H58E4,壤,양
H58EB,士,사
H58EC,壬,임
H58EF,壯,장
H58FD,壽,수
H590F,夏,하
H5915,夕,석
H5916,外,외
H591A,多,다
H591C,夜,야
H5922,夢,몽
H5927,大,대
H5929,天,천
H592A,太,태
H592B,夫,부
H592E,央,앙
H5931,失,실
H5937,夷,이
H5947,奇,기
H5948,奈,내
H5949,奉,봉
H594F,奏,주
H5951,契,계
H5954,奔,분
H595A,奚,해
H596A,奪,탈
H596C,奬,장
H596E,奮,분
H5973,女,녀
H5974,奴,노
H597D,好,호
H5982,如,여
H5983,妃,비
H5984,妄,망
H5999,妙,묘
H59A5,妥,타
H59A8,妨,방
H59B9,妹,매
H59BB,妻,처
H59BE,妾,첩
H59CA,姊,자
H59CB,始,시
H59D1,姑,고
H59D3,姓,성
H59D4,委,위
H59E6,姦,간
H59EA,姪,질
H59FB,姻,인
H59FF,姿,자
H5A01,威,위
H5A18,娘,낭
H5A1B,娛,오
H5A5A,婚,혼
H5A62,婢,비
H5A66,婦,부
H5A92,媒,매
H5ACC,嫌,혐
H5B50,子,자
H5B54,孔,공
H5B57,字,자
H5B58,存,존
H5B5D,孝,효
H5B5F,孟,맹
H5B63,季,계
H5B64,孤,고
H5B6B,孫,손
H5B70,孰,숙
H5B78,學,학
H5B85,宅,택
H5B87,宇,우
H5B88,守,수
H5B89,安,안
H5B8C,完,완
H5B97,宗,종
H5B98,官,관
H5B99,宙,주
H5B9A,定,정
H5B9C,宜,의
H5BA2,客,객
H5BA3,宣,선
H5BA4,室,실
H5BAE,宮,궁
H5BB0,宰,재
H5BB3,害,해
H5BB4,宴,연
H5BB6,家,가
H5BB9,容,용
H5BBF,宿,숙
H5BC2,寂,적
H5BC4,寄,기
H5BC5,寅,인
H5BC6,密,밀
H5BCC,富,부
H5BD2,寒,한
H5BDF,察,찰
H5BE1,寡,과
H5BE2,寢,침
H5BE6,實,실
H5BE7,寧,녕
H5BE9,審,심
H5BEB,寫,사
H5BEC,寬,관
H5BF6,寶,보
H5BF8,寸,촌
H5BFA,寺,사
H5C01,封,봉
H5C04,射,사
H5C07,將,장
H5C08,專,전
H5C0A,尊,존
H5C0B,尋,심
H5C0D,對,대
H5C0E,導,도
H5C0F,小,소
H5C11,少,소
H5C16,尖,첨
H5C19,尙,상
H5C24,尤,우
H5C31,就,취
H5C3A,尺,척
H5C3E,尾,미
H5C40,局,국
H5C45,居,거
H5C48,屈,굴
H5C4B,屋,옥
H5C55,展,전
H5C5B,屛,병
H5C62,屢,루
H5C64,層,층
H5C65,履,리
H5C6C,屬,속
H5C6F,屯,둔
H5C71,山,산
H5CB3,岳,악
H5CB8,岸,안
H5CEF,峯,봉
H5CF6,島,도
H5D07,崇,숭
H5D29,崩,붕
H5DBA,嶺,령
H5DD6,巖,암
H5DDD,川,천
H5DDE,州,주
H5DE1,巡,순
H5DE5,工,공
H5DE6,左,좌
H5DE7,巧,교
H5DE8,巨,거
H5DEE,差,차
H5DF1,己,기
H5DF2,已,이
H5DF3,巳,사
H5DF7,巷,항
H5E02,市,시
H5E03,布,포
H5E0C,希,희
H5E1D,帝,제
H5E25,帥,수
H5E2B,師,사
H5E2D,席,석
H5E33,帳,장
H5E36,帶,대
H5E38,常,상
H5E45,幅,폭
H5E55,幕,막
H5E63,幣,폐
H5E72,干,간
H5E73,平,평
H5E74,年,년
H5E78,幸,행
H5E79,幹,간
H5E7C,幼,유
H5E7D,幽,유
H5E7E,幾,기
H5E8A,床,상
H5E8F,序,서
H5E95,底,저
H5E97,店,점
H5E9A,庚,경
H5E9C,府,부
H5EA6,度,도
H5EA7,座,좌
H5EAB,庫,고
H5EAD,庭,정
H5EB6,庶,서
H5EB7,康,강
H5EB8,庸,용
H5EC9,廉,렴
H5ECA,廊,랑
H5EDF,廟,묘
H5EE2,廢,폐
H5EE3,廣,광
H5EF3,廳,청
H5EF6,延,연
H5EF7,廷,정
H5EFA,建,건
H5F04,弄,롱
H5F0A,弊,폐
H5F0F,式,식
H5F13,弓,궁
H5F14,弔,조
H5F15,引,인
H5F18,弘,홍
H5F1F,弟,제
H5F31,弱,약
H5F35,張,장
H5F37,強,강
H5F48,彈,탄
H5F62,形,형
H5F69,彩,채
H5F71,影,영
H5F79,役,역
H5F7C,彼,피
H5F80,往,왕
H5F81,征,정
H5F85,待,대
H5F8B,律,률
H5F8C,後,후
H5F90,徐,서
H5F91,徑,경
H5F92,徒,도
H5F97,得,득
H5F9E,從,종
H5FA1,御,어
H5FA9,復,복
H5FAA,循,순
H5FAE,微,미
H5FB5,徵,징
H5FB7,德,덕
H5FB9,徹,철
H5FC3,心,심
H5FC5,必,필
H5FCC,忌,기
H5FCD,忍,인
H5FD7,志,지
H5FD8,忘,망
H5FD9,忙,망
H5FE0,忠,충
H5FEB,快,쾌
H5FF5,念,념
H5FFD,忽,홀
H6012,怒,노
H601D,思,사
H6020,怠,태
H6025,急,급
H6027,性,성
H6028,怨,원
H602A,怪,괴
H6050,恐,공
H6052,恒,항
H6055,恕,서
H6063,恣,자
H6065,恥,치
H6068,恨,한
H6069,恩,은
H606D,恭,공
H606F,息,식
H6085,悅,열
H6094,悔,회
H609F,悟,오
H60A0,悠,유
H60A3,患,환
H60B2,悲,비
H60C5,情,정
H60D1,惑,혹
H60DC,惜,석
H60DF,惟,유
H60E0,惠,혜
H60E1,惡,악
H60F1,惱,뇌
H60F3,想,상
H6101,愁,수
H6108,愈,유
H610F,意,의
H611A,愚,우
H611B,愛,애
H611F,感,감
H6127,愧,괴
H613C,愼,신
H6148,慈,자
H614B,態,태
H6155,慕,모
H6158,慘,참
H6159,慙,참
H6162,慢,만
H6163,慣,관
H6167,慧,혜
H6168,慨,개
H616E,慮,려
H6170,慰,위
H6176,慶,경
H617E,慾,욕
H6182,憂,우
H618E,憎,증
H6190,憐,련
H61A4,憤,분
H61AB,憫,민
H61B2,憲,헌
H61B6,憶,억
H61C7,懇,간
H61C9,應,응
H61F2,懲,징
H61F7,懷,회
H61F8,懸,현
H61FC,懼,구
H6200,戀,련
H620A,戊,무
H620C,戌,술
H6210,成,성
H6211,我,아
H6212,戒,계
H6216,或,혹
H621A,戚,척
H6230,戰,전
H6232,戲,희
H6236,戶,호
H623F,房,방
H6240,所,소
H624B,手,수
H624D,才,재
H6253,打,타
H6258,托,탁
H6276,扶,부
H6279,批,비
H627F,承,승
H6280,技,기
H6284,抄,초
H628A,把,파
H6291,抑,억
H6295,投,투
H6297,抗,항
H6298,折,절
H62B1,抱,포
H62B5,抵,저
H62BC,押,압
H62BD,抽,추
H62C2,拂,불
H62CD,拍,박
H62D2,拒,거
H62D3,拓,척
H62D4,拔,발
H62D8,拘,구
H62D9,拙,졸
H62DB,招,초
H62DC,拜,배
H62F3,拳,권
H62FE,拾,습
H6301,持,지
H6307,指,지
H6311,挑,도
H632F,振,진
H6349,捉,착
H6355,捕,포
H6368,捨,사
H6383,掃,소
H6388,授,수
H638C,掌,장
H6392,排,배
H639B,掛,괘
H63A0,掠,략
H63A1,採,채
H63A2,探,탐
H63A5,接,접
H63A8,推,추
H63D0,提,제
H63DA,揚,양
H63DB,換,환
H63EE,揮,휘
H63F4,援,원
H640D,損,손
H6416,搖,요
H641C,搜,수
H643A,携,휴
H6458,摘,적
H64AD,播,파
H64C1,擁,옹
H64C7,擇,택
H64CA,擊,격
H64CD,操,조
H64D4,擔,담
H64DA,據,거
H64E7,擧,거
H64F4,擴,확
H651D,攝,섭
H652F,支,지
H6536,收,수
H6539,改,개
H653B,攻,공
H653E,放,방
H653F,政,정
H6545,故,고
H6548,效,효
H654D,敍,서
H654E,敎,교
H654F,敏,민
H6551,救,구
H6557,敗,패
H6562,敢,감
H6563,散,산
H6566,敦,돈
H656C,敬,경
H6574,整,정
H6575,敵,적
H6578,數,수
H6587,文,문
H6597,斗,두
H6599,料,료
H659C,斜,사
H65A4,斤,근
H65A5,斥,척
H65AF,斯,사
H65B0,新,신
H65B7,斷,단
H65B9,方,방
H65BC,於,어
H65BD,施,시
H65C5,旅,려
H65CB,旋,선
H65CF,族,족
H65D7,旗,기
H65E3,旣,기
H65E5,日,일
H65E6,旦,단
H65E9,早,조
H65EC,旬,순
H65F1,旱,한
H6607,昇,승
H660C,昌,창
H660E,明,명
H660F,昏,혼
H6613,易,역
H6614,昔,석
H661F,星,성
H6620,映,영
H6625,春,춘
H6628,昨,작
H662D,昭,소
H662F,是,시
H6642,時,시
H665A,晚,만
H665D,晝,주
H6668,晨,신
H666E,普,보
H666F,景,경
H6674,晴,청
H667A,智,지
H6687,暇,가
H6691,暑,서
H6696,暖,난
H6697,暗,암
H66A2,暢,창
H66AB,暫,잠
H66AE,暮,모
H66B4,暴,폭
H66C6,曆,력
H66C9,曉,효
H66DC,曜,요
H66F0,曰,왈
H66F2,曲,곡
H66F4,更,갱
H66F8,書,서
H66FE,曾,증
H66FF,替,체
H6700,最,최
H6703,會,회
H6708,月,월
H6709,有,유
H670B,朋,붕
H670D,服,복
H6714,朔,삭
H6717,朗,랑
H671B,望,망
H671D,朝,조
H671F,期,기
H6728,木,목
H672A,未,미
H672B,末,말
H672C,本,본
H6731,朱,주
H6734,朴,박
H674E,李,리
H6750,材,재
H6751,村,촌
H675F,束,속
H676F,杯,배
H6771,東,동
H677E,松,송
H677F,板,판
H6790,析,석
H6795,枕,침
H6797,林,림
H679C,果,과
H679D,枝,지
H67AF,枯,고
H67B6,架,가
H67D0,某,모
H67D3,染,염
H67D4,柔,유
H67F1,柱,주
H67F3,柳,류
H67FB,査,사
H6817,栗,률
H6821,校,교
H682A,株,주
H6838,核,핵
H6839,根,근
H683C,格,격
H683D,栽,재
H6842,桂,계
H6843,桃,도
H6848,案,안
H6851,桑,상
H6881,梁,량
H6885,梅,매
H689D,條,조
H68A8,梨,리
H68B0,械,계
H68C4,棄,기
H68EE,森,삼
H690D,植,식
H694A,楊,양
H6953,楓,풍
H696D,業,업
H6975,極,극
H69AE,榮,영
H69CB,構,구
H69EA,槪,개
H6A02,樂,락
H6A13,樓,루
H6A19,標,표
H6A21,模,모
H6A23,樣,양
H6A39,樹,수
H6A4B,橋,교
H6A5F,機,기
H6A6B,橫,횡
H6A80,檀,단
H6AA2,檢,검
H6B04,欄,란
H6B0A,權,권
H6B21,次,차
H6B32,欲,욕
H6B3A,欺,기
H6B4C,歌,가
H6B4E,歎,탄
H6B61,歡,환
H6B62,止,지
H6B63,正,정
H6B64,此,차
H6B65,步,보
H6B66,武,무
H6B72,歲,세
H6B77,歷,력
H6B78,歸,귀
H6B7B,死,사
H6B83,殃,앙
H6B86,殆,태
H6B89,殉,순
H6B8A,殊,수
H6B98,殘,잔
H6BB5,段,단
H6BBA,殺,살
H6BBF,殿,전
H6BC1,毁,훼
H6BCD,母,모
H6BCF,每,매
H6BD2,毒,독
H6BD4,比,비
H6BDB,毛,모
H6BEB,毫,호
H6C0F,氏,씨
H6C11,民,민
H6C23,氣,기
H6C34,水,수
H6C37,氷,빙
H6C38,永,영
H6C42,求,구
H6C57,汗,한
H6C5A,汚,오
H6C5D,汝,여
H6C5F,江,강
H6C60,池,지
H6C7A,決,결
H6C7D,汽,기
H6C88,沈,침
H6C92,沒,몰
H6C99,沙,사
H6CB3,河,하
H6CB9,油,유
H6CBB,治,치
H6CBF,沿,연
H6CC1,況,황
H6CC9,泉,천
H6CCA,泊,박
H6CD5,法,법
H6CE2,波,파
H6CE3,泣,읍
H6CE5,泥,니
H6CE8,注,주
H6CF0,泰,태
H6CF3,泳,영
H6D0B,洋,양
H6D17,洗,세
H6D1E,洞,동
H6D2A,洪,홍
H6D32,洲,주
H6D3B,活,활
H6D3E,派,파
H6D41,流,류
H6D66,浦,포
H6D69,浩,호
H6D6A,浪,랑
H6D6E,浮,부
H6D74,浴,욕
H6D77,海,해
H6D78,浸,침
H6D88,消,소
H6D89,涉,섭
H6DAF,涯,애
H6DB2,液,액
H6DBC,涼,량
H6DD1,淑,숙
H6DDA,淚,루
H6DE1,淡,담
H6DE8,淨,정
H6DEB,淫,음
H6DF1,深,심
H6DF7,混,혼
H6DF8,淸,청
H6DFA,淺,천
H6DFB,添,첨
H6E1B,減,감
H6E21,渡,도
H6E2C,測,측
H6E2F,港,항
H6E34,渴,갈
H6E56,湖,호
H6E6F,湯,탕
H6E90,源,원
H6E96,準,준
H6EAA,溪,계
H6EAB,溫,온
H6EC5,滅,멸
H6EEF,滯,체
H6EF4,滴,적
H6EFF,滿,만
H6F01,漁,어
H6F02,漂,표
H6F06,漆,칠
H6F0F,漏,루
H6F14,演,연
H6F20,漠,막
H6F22,漢,한
H6F2B,漫,만
H6F38,漸,점
H6F54,潔,결
H6F5B,潛,잠
H6F64,潤,윤
H6F6E,潮,조
H6FA4,澤,택
H6FC0,激,격
H6FC1,濁,탁
H6FD5,濕,습
H6FDF,濟,제
H6FEB,濫,람
H6FEF,濯,탁
H706B,火,화
H7070,灰,회
H707D,災,재
H708E,炎,염
H70AD,炭,탄
H70C8,烈,렬
H70CF,烏,오
H7109,焉,언
H7121,無,무
H7136,然,연
H7159,煙,연
H7167,照,조
H7169,煩,번
H719F,熟,숙
H71B1,熱,열
H71C3,燃,연
H71C8,燈,등
H71D2,燒,소
H71D5,燕,연
H71DF,營,영
H71E5,燥,조
H71ED,燭,촉
H7206,爆,폭
H7210,爐,로
H722D,爭,쟁
H7232,爲,위
H7235,爵,작
H7236,父,부
H7247,片,편
H7248,版,판
H7259,牙,아
H725B,牛,우
H7267,牧,목
H7269,物,물
H7279,特,특
H727D,牽,견
H72AC,犬,견
H72AF,犯,범
H72C0,狀,상
H72C2,狂,광
H72D7,狗,구
H731B,猛,맹
H7336,猶,유
H7344,獄,옥
H7368,獨,독
H7372,獲,획
H7375,獵,렵
H7378,獸,수
H737B,獻,헌
H7384,玄,현
H7387,率,률
H7389,玉,옥
H738B,王,왕
H73CD,珍,진
H73E0,珠,주
H73ED,班,반
H73FE,現,현
H7403,球,구
H7406,理,리
H7434,琴,금
H74B0,環,환
H74E6,瓦,와
H7518,甘,감
H751A,甚,심
H751F,生,생
H7523,産,산
H7528,用,용
H7530,田,전
H7531,由,유
H7532,甲,갑
H7533,申,신
H7537,男,남
H754C,界,계
H754F,畏,외
H7553,畓,답
H7559,留,류
H755C,畜,축
H7562,畢,필
H7565,略,략
H756A,番,번
H756B,畫,화
H7570,異,이
H7576,當,당
H757F,畿,기
H758F,疏,소
H7591,疑,의
H75AB,疫,역
H75B2,疲,피
H75BE,疾,질
H75C5,病,병
H75C7,症,증
H75DB,痛,통
H7678,癸,계
H767B,登,등
H767C,發,발
H767D,白,백
H767E,百,백
H7684,的,적
H7686,皆,개
H7687,皇,황
H76AE,皮,피
H76CA,益,익
H76DB,盛,성
H76DC,盜,도
H76DF,盟,맹
H76E1,盡,진
H76E3,監,감
H76E4,盤,반
H76EE,目,목
H76F2,盲,맹
H76F4,直,직
H76F8,相,상
H7701,省,성
H7709,眉,미
H770B,看,간
H771E,眞,진
H7720,眠,면
H773C,眼,안
H7740,着,착
H7761,睡,수
H7763,督,독
H7766,睦,목
H77AC,瞬,순
H77E2,矢,시
H77E3,矣,의
H77E5,知,지
H77ED,短,단
H77EF,矯,교
H77F3,石,석
H7832,砲,포
H7834,破,파
H784F,硏,연
H786C,硬,경
H7891,碑,비
H78A7,碧,벽
H78BA,確,확
H78E8,磨,마
H790E,礎,초
H793A,示,시
H793E,社,사
H7940,祀,사
H7948,祈,기
H7955,祕,비
H7956,祖,조
H795D,祝,축
H795E,神,신
H7965,祥,상
H7968,票,표
H796D,祭,제
H797F,祿,록
H7981,禁,금
H798D,禍,화
H798F,福,복
H79AA,禪,선
H79AE,禮,례
H79BD,禽,금
H79BE,禾,화
H79C0,秀,수
H79C1,私,사
H79CB,秋,추
H79D1,科,과
H79D2,秒,초
H79DF,租,조
H79E9,秩,질
H79FB,移,이
H7A00,稀,희
H7A05,稅,세
H7A0B,程,정
H7A1A,稚,치
H7A2E,種,종
H7A31,稱,칭
H7A3B,稻,도
H7A3F,稿,고
H7A40,穀,곡
H7A4D,積,적
H7A6B,穫,확
H7A74,穴,혈
H7A76,究,구
H7A7A,空,공
H7A81,突,돌
H7A93,窓,창
H7AAE,窮,궁
H7ACA,竊,절
H7ACB,立,립
H7ADD,竝,병
H7ADF,竟,경
H7AE0,章,장
H7AE5,童,동
H7AEF,端,단
H7AF6,競,경
H7AF9,竹,죽
H7B11,笑,소
H7B1B,笛,적
H7B26,符,부
H7B2C,第,제
H7B46,筆,필
H7B49,等,등
H7B4B,筋,근
H7B54,答,답
H7B56,策,책
H7B97,算,산
H7BA1,管,관
H7BC0,節,절
H7BC4,範,범
H7BC7,篇,편
H7BC9,築,축
H7BE4,篤,독
H7C21,簡,간
H7C3F,簿,부
H7C4D,籍,적
H7C73,米,미
H7C89,粉,분
H7C9F,粟,속
H7CA7,粧,장
H7CBE,精,정
H7CD6,糖,당
H7CE7,糧,량
H7CFB,系,계
H7CFE,糾,규
H7D00,紀,기
H7D04,約,약
H7D05,紅,홍
H7D0B,紋,문
H7D0D,納,납
H7D14,純,순
H7D19,紙,지
H7D1A,級,급
H7D1B,紛,분
H7D20,素,소
H7D22,索,색
H7D2B,紫,자
H7D2F,累,루
H7D30,細,세
H7D42,終,종
H7D43,絃,현
H7D44,組,조
H7D50,結,결
H7D55,絕,절
H7D61,絡,락
H7D66,給,급
H7D71,統,통
H7D72,絲,사
H7D79,絹,견
H7D93,經,경
H7DA0,綠,록
H7DAD,維,유
H7DB1,綱,강
H7DBF,綿,면
H7DCA,緊,긴
H7DD6,緖,서
H7DDA,線,선
H7DE3,緣,연
H7DE8,編,편
H7DE9,緩,완
H7DEF,緯,위
H7DF4,練,련
H7E23,縣,현
H7E2E,縮,축
H7E31,縱,종
H7E3D,總,총
H7E3E,績,적
H7E41,繁,번
H7E54,織,직
H7E6B,繫,계
H7E7C,繼,계
H7E8C,續,속
H7F3A,缺,결
H7F54,罔,망
H7F6A,罪,죄
H7F6E,置,치
H7F70,罰,벌
H7F72,署,서
H7F77,罷,파
H7F85,羅,라
H7F8A,羊,양
H7F8E,美,미
H7FA4,群,군
H7FA9,義,의
H7FBD,羽,우
H7FC1,翁,옹
H7FD2,習,습
H7FFC,翼,익
H8001,老,로
H8003,考,고
H8005,者,자
H800C,而,이
H8010,耐,내
H8015,耕,경
H8033,耳,이
H8036,耶,야
H8056,聖,성
H8058,聘,빙
H805E,聞,문
H806F,聯,련
H8070,聰,총
H8072,聲,성
H8077,職,직
H807D,聽,청
H8085,肅,숙
H8089,肉,육
H8096,肖,초
H809D,肝,간
H80A5,肥,비
H80A9,肩,견
H80AF,肯,긍
H80B2,育,육
H80BA,肺,폐
H80C3,胃,위
H80CC,背,배
H80DE,胞,포
H80E1,胡,호
H80F8,胸,흉
H80FD,能,능
H8105,脅,협
H8108,脈,맥
H811A,脚,각
H8123,脣,순
H812B,脫,탈
H8150,腐,부
H8166,腦,뇌
H8170,腰,요
H8178,腸,장
H8179,腹,복
H81DF,臟,장
H81E3,臣,신
H81E5,臥,와
H81E8,臨,림
H81EA,自,자
H81ED,臭,취
H81F3,至,지
H81F4,致,치
H81FA,臺,대
H8207,與,여
H8208,興,흥
H820A,舊,구
H820C,舌,설
H820D,舍,사
H821E,舞,무
H821F,舟,주
H822A,航,항
H822C,般,반
H8239,船,선
H826F,良,량
H8272,色,색
H82B1,花,화
H82B3,芳,방
H82BD,芽,아
H82D7,苗,묘
H82DF,苟,구
H82E5,若,약
H82E6,苦,고
H82F1,英,영
H8302,茂,무
H832B,茫,망
H8332,茲,자
H8336,茶,다
H8349,草,초
H8352,荒,황
H8377,荷,하
H838A,莊,장
H83AB,莫,막
H83CA,菊,국
H83CC,菌,균
H83DC,菜,채
H83EF,華,화
H842C,萬,만
H843D,落,락
H8449,葉,엽
H8457,著,저
H846C,葬,장
H8499,蒙,몽
H84B8,蒸,증
H84BC,蒼,창
H84C4,蓄,축
H84CB,蓋,개
H84EE,蓮,련
H852C,蔬,소
H853D,蔽,폐
H8584,薄,박
H85A6,薦,천
H85CF,藏,장
H85DD,藝,예
H85E5,藥,약
H8607,蘇,소
H862D,蘭,란
H864E,虎,호
H8655,處,처
H865B,虛,허
H865F,號,호
H86C7,蛇,사
H8702,蜂,봉
H871C,蜜,밀
H8776,蝶,접
H87A2,螢,형
H87F2,蟲,충
H8840,血,혈
H8846,衆,중
H884C,行,행
H8853,術,술
H8857,街,가
H885B,衛,위
H885D,衝,충
H8861,衡,형
H8863,衣,의
H8868,表,표
H88AB,被,피
H88C1,裁,재
H88C2,裂,렬
H88CF,裏,리
H88D5,裕,유
H88DC,補,보
H88DD,裝,장
H88F3,裳,상
H88FD,製,제
H8907,複,복
H8972,襲,습
H897F,西,서
H8981,要,요
H8986,覆,복
H898B,見,견
H898F,規,규
H8996,視,시
H89AA,親,친
H89BA,覺,각
H89BD,覽,람
H89C0,觀,관
H89D2,角,각
H89E3,解,해
H89F8,觸,촉
H8A00,言,언
H8A02,訂,정
H8A08,計,계
H8A0E,討,토
H8A13,訓,훈
H8A18,記,기
H8A1F,訟,송
H8A23,訣,결
H8A2A,訪,방
H8A2D,設,설
H8A31,許,허
H8A34,訴,소
H8A50,詐,사
H8A55,評,평
H8A5E,詞,사
H8A60,詠,영
H8A66,試,시
H8A69,詩,시
H8A71,話,화
H8A72,該,해
H8A73,詳,상
H8A87,誇,과
H8A8C,誌,지
H8A8D,認,인
H8A93,誓,서
H8A95,誕,탄
H8A98,誘,유
H8A9E,語,어
H8AA0,誠,성
H8AA4,誤,오
H8AA6,誦,송
H8AAA,說,설
H8AB0,誰,수
H8AB2,課,과
H8ABF,調,조
H8AC7,談,담
H8ACB,請,청
H8AD2,諒,량
H8AD6,論,론
H8AF8,諸,제
H8AFE,諾,낙
H8B00,謀,모
H8B01,謁,알
H8B02,謂,위
H8B19,謙,겸
H8B1B,講,강
H8B1D,謝,사
H8B20,謠,요
H8B39,謹,근
H8B49,證,증
H8B58,識,식
H8B5C,譜,보
H8B66,警,경
H8B6F,譯,역
H8B70,議,의
H8B77,護,호
H8B7D,譽,예
H8B80,讀,독
H8B8A,變,변
H8B93,讓,양
H8B9A,讚,찬
H8C37,谷,곡
H8C46,豆,두
H8C48,豈,기
H8C50,豐,풍
H8C5A,豚,돈
H8C61,象,상
H8C6A,豪,호
H8C6B,豫,예
H8C8C,貌,모
H8C9D,貝,패
H8C9E,貞,정
H8CA0,負,부
H8CA1,財,재
H8CA2,貢,공
H8CA7,貧,빈
H8CA8,貨,화
H8CA9,販,판
H8CAA,貪,탐
H8CAB,貫,관
H8CAC,責,책
H8CAF,貯,저
H8CB4,貴,귀
H8CB7,買,매
H8CB8,貸,대
H8CBB,費,비
H8CBF,貿,무
H8CC0,賀,하
H8CC3,賃,임
H8CC7,資,자
H8CCA,賊,적
H8CD3,賓,빈
H8CDC,賜,사
H8CDE,賞,상
H8CE2,賢,현
H8CE3,賣,매
H8CE4,賤,천
H8CE6,賦,부
H8CEA,質,질
H8CF4,賴,뢰
H8D08,贈,증
H8D0A,贊,찬
H8D64,赤,적
H8D70,走,주
H8D74,赴,부
H8D77,起,기
H8D85,超,초
H8D8A,越,월
H8DA3,趣,취
H8DB3,足,족
H8DDD,距,거
H8DE1,跡,적
H8DEF,路,로
H8DF3,跳,도
H8E0F,踏,답
H8E10,踐,천
H8E5F,蹟,적
H8E8D,躍,약
H8EAB,身,신
H8ECA,車,거
H8ECC,軌,궤
H8ECD,軍,군
H8ED2,軒,헌
H8EDF,軟,연
H8F03,較,교
H8F09,載,재
H8F15,輕,경
H8F1D,輝,휘
H8F29,輩,배
H8F2A,輪,륜
H8F38,輸,수
H8F3F,輿,여
H8F49,轉,전
H8F9B,辛,신
H8FA8,辨,변
H8FAD,辭,사
H8FAF,辯,변
H8FB0,辰,진
H8FB1,辱,욕
H8FB2,農,농
H8FCE,迎,영
H8FD1,近,근
H8FD4,返,반
H8FEB,迫,박
H8FF0,述,술
H8FF7,迷,미
H8FFD,追,추
H9000,退,퇴
H9001,送,송
H9003,逃,도
H9006,逆,역
H900F,透,투
H9010,逐,축
H9014,途,도
H901A,通,통
H901D,逝,서
H901F,速,속
H9020,造,조
H9022,逢,봉
H9023,連,련
H902E,逮,체
H9031,週,주
H9032,進,진
H9038,逸,일
H9042,遂,수
H9047,遇,우
H904A,遊,유
H904B,運,운
H904D,遍,편
H904E,過,과
H9053,道,도
H9054,達,달
H9055,違,위
H9059,遙,요
H905E,遞,체
H9060,遠,원
H9063,遣,견
H9069,適,적
H9072,遲,지
H9075,遵,준
H9077,遷,천
H9078,選,선
H907A,遺,유
H907F,避,피
H9084,還,환
H908A,邊,변
H9091,邑,읍
H90A3,那,나
H90A6,邦,방
H90AA,邪,사
H90CA,郊,교
H90DE,郞,랑
H90E1,郡,군
H90E8,部,부
H90ED,郭,곽
H90F5,郵,우
H90FD,都,도
H9115,鄕,향
H9130,鄰,린
H9149,酉,유
H914C,酌,작
H914D,配,배
H9152,酒,주
H9189,醉,취
H919C,醜,추
H91AB,醫,의
H91CB,釋,석
H91CC,里,리
H91CD,重,중
H91CE,野,야
H91CF,量,량
H91D1,金,금
H91DD,針,침
H920D,鈍,둔
H925B,鉛,연
H9280,銀,은
H9283,銃,총
H9285,銅,동
H9298,銘,명
H92B3,銳,예
H92FC,鋼,강
H9304,錄,록
H9322,錢,전
H9326,錦,금
H932F,錯,착
H934A,鍊,련
H9396,鎖,쇄
H93AD,鎭,진
H93E1,鏡,경
H9418,鐘,종
H9435,鐵,철
H9444,鑄,주
H9451,鑑,감
H945B,鑛,광
H9577,長,장
H9580,門,문
H9589,閉,폐
H958B,開,개
H958F,閏,윤
H9591,閑,한
H9593,間,간
H95A3,閣,각
H95B1,閱,열
H95DC,關,관
H9632,防,방
H963F,阿,아
H9644,附,부
H964D,降,강
H9650,限,한
H9662,院,원
H9663,陣,진
H9664,除,제
H9670,陰,음
H9673,陳,진
H9675,陵,릉
H9676,陶,도
H9677,陷,함
H9678,陸,륙
H967D,陽,양
H9686,隆,륭
H968A,隊,대
H968E,階,계
H9694,隔,격
H969B,際,제
H969C,障,장
H96A8,隨,수
H96AA,險,험
H96B1,隱,은
H96B7,隷,례
H96C1,雁,안
H96C4,雄,웅
H96C5,雅,아
H96C6,集,집
H96D6,雖,수
H96D9,雙,쌍
H96DC,雜,잡
H96E2,離,리
H96E3,難,난
H96E8,雨,우
H96EA,雪,설
H96F2,雲,운
H96F6,零,령
H96F7,雷,뢰
H96FB,電,전
H9700,需,수
H9707,震,진
H971C,霜,상
H9727,霧,무
H9732,露,로
H9748,靈,령
H9751,靑,청
H975C,靜,정
H975E,非,비
H9762,面,면
H9769,革,혁
H97D3,韓,한
H97F3,音,음
H97FB,韻,운
H97FF,響,향
H9802,頂,정
H9803,頃,경
H9805,項,항
H9806,順,순
H9808,須,수
H980C,頌,송
H9817,頗,파
H9818,領,령
H982D,頭,두
H983B,頻,빈
H984C,題,제
H984D,額,액
H9854,顔,안
H9858,願,원
H985E,類,류
H9867,顧,고
H986F,顯,현
H98A8,風,풍
H98DB,飛,비
H98DC,飜,번
H98DF,食,식
H98E2,飢,기
H98EE,飮,음
H98EF,飯,반
H98FD,飽,포
H98FE,飾,식
H990A,養,양
H9913,餓,아
H9918,餘,여
H9928,館,관
H9996,首,수
H9999,香,향
H99AC,馬,마
H9A0E,騎,기
H9A30,騰,등
H9A37,騷,소
H9A45,驅,구
H9A57,驗,험
H9A5A,驚,경
H9A5B,驛,역
H9AA8,骨,골
H9AD4,體,체
H9AD8,高,고
H9AEE,髮,발
H9B2A,鬪,투
H9B3C,鬼,귀
H9B42,魂,혼
H9B5A,魚,어
H9BAE,鮮,선
H9CE5,鳥,조
H9CF3,鳳,봉
H9CF4,鳴,명
H9D3B,鴻,홍
H9DB4,鶴,학
H9DC4,鷄,계
H9E7D,鹽,염
H9E7F,鹿,록
H9E97,麗,려
H9EA5,麥,맥
H9EBB,麻,마
H9EC3,黃,황
H9ED1,黑,흑
H9ED8,默,묵
H9EDE,點,점
H9EE8,黨,당
H9F13,鼓,고
H9F3B,鼻,비
H9F4A,齊,제
H9F52,齒,치
H9F8D,龍,룡
H9F9C,龜,구
H2E569,𮕩,쇠